-- Departments
INSERT INTO departments (department_code, department_name) VALUES
  ('DEP-001', 'Computer Science'),
  ('DEP-002', 'Electrical Engineering'),
  ('DEP-003', 'Mechanical Engineering');

-- Programs
INSERT INTO programs (program_code, program_name) VALUES
  ('PRO-001', 'Bachelor of Computer Science'),
  ('PRO-002', 'Bachelor of Electrical Engineering'),
  ('PRO-003', 'Bachelor of Mechanical Engineering');

-- Insert data into the departments_relate_programs table
INSERT INTO departments_relate_programs (department_code, program_code)
VALUES 
  ('DEP-001', 'PRO-001'),
  ('DEP-002', 'PRO-002'),
  ('DEP-003', 'PRO-003');

  -- Branches
INSERT INTO branches (branch_code, name, program_code)
VALUES
  ('BR-001', 'Branch 1', 'PRO-001'),
  ('BR-002', 'Branch 1', 'PRO-002'),
  ('BR-003', 'Branch 3', 'PRO-001'),
  ('BR-004', 'Branch 4', 'PRO-003'),
  ('BR-005', 'Branch 5', 'PRO-002');

-- Courses
INSERT INTO courses (course_code, name, credits, start_date, end_date, department_code) VALUES
  ('C-001', 'Introduction to Programming', 100, '2023-01-10', '2023-03-01', 'DEP-001'),
  ('C-002', 'Digital Circuits', 100, '2023-01-15', '2023-03-10', 'DEP-002'),
  ('C-003', 'Mechanics 101', 100, '2023-01-20', '2023-03-15', 'DEP-003'),
  ('C-004', 'Database Management', 100, '2023-02-01', '2023-04-01', 'DEP-001'),
  ('C-005', 'Electromagnetic Fields', 100, '2023-02-10', '2023-04-15', 'DEP-002'),
  ('C-006', 'Thermodynamics', 100, '2023-02-15', '2023-04-20', 'DEP-003'),
  ('C-007', 'Software Engineering', 100, '2023-03-01', '2023-05-01', 'DEP-001'),
  ('C-008', 'Control Systems', 100, '2023-03-10', '2023-05-15', 'DEP-002'),
  ('C-009', 'Materials Science', 100, '2023-03-15', '2023-05-20', 'DEP-003'),
  ('C-010', 'Algorithms and Data Structures', 100, '2023-04-01', '2023-06-01', 'DEP-001');

INSERT INTO classifications (classified_code, name) VALUES
    ('MATH', 'mathematical courses'),
    ('RESEARCH', 'research courses'),
    ('SEMINAR', 'seminar courses');

INSERT INTO classified (classified_code, course_code) VALUES
    ('MATH', 'C-001'),
    ('RESEARCH', 'C-002'),
    ('SEMINAR', 'C-003'),
    ('MATH', 'C-004'),
    ('RESEARCH', 'C-005'),
    ('SEMINAR', 'C-006'),
    ('MATH', 'C-007'),
    ('RESEARCH', 'C-008'),
    ('SEMINAR', 'C-009'),
    ('MATH', 'C-010');


-- Limited courses
INSERT INTO limited_courses (capacity, course_code)
VALUES
  (10,'C-001'),
  (10,'C-002'),
  (10,'C-003'),
  (10,'C-004'),
  (10,'C-005'),
  (10,'C-006'),
  (10,'C-007'),
  (10,'C-008'),
  (10,'C-009'),
  (10,'C-010');


-- Students
INSERT INTO students (student_code, email, first_name, last_name, image, program_code) VALUES
    ('STD00001', 'student01@example.com', 'FirstName01', 'LastName01', 'image_path_01', 'PRO-001'),
    ('STD00002', 'student02@example.com', 'FirstName02', 'LastName02', 'image_path_02', 'PRO-002'),
    ('STD00003', 'student03@example.com', 'FirstName03', 'LastName03', 'image_path_03', 'PRO-003'),
    ('STD00004', 'student04@example.com', 'FirstName04', 'LastName04', 'image_path_04', 'PRO-001'),
    ('STD00005', 'student05@example.com', 'FirstName05', 'LastName05', 'image_path_05', 'PRO-002'),
    ('STD00006', 'student06@example.com', 'FirstName06', 'LastName06', 'image_path_06', 'PRO-003'),
    ('STD00007', 'student07@example.com', 'FirstName07', 'LastName07', 'image_path_07', 'PRO-001'),
    ('STD00008', 'student08@example.com', 'FirstName08', 'LastName08', 'image_path_08', 'PRO-002'),
    ('STD00009', 'student09@example.com', 'FirstName09', 'LastName09', 'image_path_09', 'PRO-003'),
    ('STD00010', 'student10@example.com', 'FirstName10', 'LastName10', 'image_path_10', 'PRO-001'),
    ('STD00011', 'student11@example.com', 'FirstName11', 'LastName11', 'image_path_11', 'PRO-003'),
    ('STD00012', 'student12@example.com', 'FirstName12', 'LastName12', 'image_path_12', 'PRO-001'),
    ('STD00013', 'student13@example.com', 'FirstName13', 'LastName13', 'image_path_13', 'PRO-002'),
    ('STD00014', 'student14@example.com', 'FirstName14', 'LastName14', 'image_path_14', 'PRO-003'),
    ('STD00015', 'student15@example.com', 'FirstName15', 'LastName15', 'image_path_15', 'PRO-001'),
    ('STD00016', 'student16@example.com', 'FirstName16', 'LastName16', 'image_path_16', 'PRO-002'),
    ('STD00017', 'student17@example.com', 'FirstName17', 'LastName17', 'image_path_17', 'PRO-003'),
    ('STD00018', 'student18@example.com', 'FirstName18', 'LastName18', 'image_path_18', 'PRO-001'),
    ('STD00019', 'student19@example.com', 'FirstName19', 'LastName19', 'image_path_19', 'PRO-002'),
    ('STD00020', 'student20@example.com', 'FirstName20', 'LastName20', 'image_path_20', 'PRO-003'),
     ('STD00021', 'student21@example.com', 'FirstName21', 'LastName21', 'image_path_21', 'PRO-001'),
    ('STD00022', 'student22@example.com', 'FirstName22', 'LastName22', 'image_path_22', 'PRO-002'),
    ('STD00023', 'student23@example.com', 'FirstName23', 'LastName23', 'image_path_23', 'PRO-003'),
    ('STD00024', 'student24@example.com', 'FirstName24', 'LastName24', 'image_path_24', 'PRO-001'),
    ('STD00025', 'student25@example.com', 'FirstName25', 'LastName25', 'image_path_25', 'PRO-002'),
    ('STD00026', 'student26@example.com', 'FirstName26', 'LastName26', 'image_path_26', 'PRO-003'),
    ('STD00027', 'student27@example.com', 'FirstName27', 'LastName27', 'image_path_27', 'PRO-001'),
    ('STD00028', 'student28@example.com', 'FirstName28', 'LastName28', 'image_path_28', 'PRO-002'),
    ('STD00029', 'student29@example.com', 'FirstName29', 'LastName29', 'image_path_29', 'PRO-003'),
    ('STD00030', 'student30@example.com', 'FirstName30', 'LastName30', 'image_path_30', 'PRO-001'),
    ('STD00031', 'student31@example.com', 'FirstName31', 'LastName31', 'image_path_31', 'PRO-002'),
    ('STD00032', 'student32@example.com', 'FirstName32', 'LastName32', 'image_path_32', 'PRO-003'),
    ('STD00033', 'student33@example.com', 'FirstName33', 'LastName33', 'image_path_33', 'PRO-001'),
    ('STD00034', 'student34@example.com', 'FirstName34', 'LastName34', 'image_path_34', 'PRO-002'),
    ('STD00035', 'student35@example.com', 'FirstName35', 'LastName35', 'image_path_35', 'PRO-003'),
    ('STD00036', 'student36@example.com', 'FirstName36', 'LastName36', 'image_path_36', 'PRO-001'),
    ('STD00037', 'student37@example.com', 'FirstName37', 'LastName37', 'image_path_37', 'PRO-002'),
    ('STD00038', 'student38@example.com', 'FirstName38', 'LastName38', 'image_path_38', 'PRO-003'),
    ('STD00039', 'student39@example.com', 'FirstName39', 'LastName39', 'image_path_39', 'PRO-001'),
    ('STD00040', 'student40@example.com', 'FirstName40', 'LastName40', 'image_path_40', 'PRO-002'),
    ('STD00041', 'student41@example.com', 'FirstName41', 'LastName41', 'image_path_41', 'PRO-003'),
    ('STD00042', 'student42@example.com', 'FirstName42', 'LastName42', 'image_path_42', 'PRO-001'),
    ('STD00043', 'student43@example.com', 'FirstName43', 'LastName43', 'image_path_43', 'PRO-002'),
    ('STD00044', 'student44@example.com', 'FirstName44', 'LastName44', 'image_path_44', 'PRO-003'),
    ('STD00045', 'student45@example.com', 'FirstName45', 'LastName45', 'image_path_45', 'PRO-001'),
    ('STD00046', 'student46@example.com', 'FirstName46', 'LastName46', 'image_path_46', 'PRO-002'),
    ('STD00047', 'student47@example.com', 'FirstName47', 'LastName47', 'image_path_47', 'PRO-003'),
    ('STD00048', 'student48@example.com', 'FirstName48', 'LastName48', 'image_path_48', 'PRO-001'),
    ('STD00049', 'student49@example.com', 'FirstName49', 'LastName49', 'image_path_49', 'PRO-002'),
    ('STD00050', 'student50@example.com', 'FirstName50', 'LastName50', 'image_path_50', 'PRO-003');
    
    INSERT INTO students (student_code, email, first_name, last_name, image, program_code) VALUES
    ('STD00051', 'student51@example.com', 'FirstName51', 'LastName51', 'image_path_51', 'PRO-001'),
    ('STD00052', 'student52@example.com', 'FirstName52', 'LastName52', 'image_path_52', 'PRO-002'),
    ('STD00053', 'student53@example.com', 'FirstName53', 'LastName53', 'image_path_53', 'PRO-003'),
    ('STD00054', 'student54@example.com', 'FirstName54', 'LastName54', 'image_path_54', 'PRO-001'),
    ('STD00055', 'student55@example.com', 'FirstName55', 'LastName55', 'image_path_55', 'PRO-002'),
    ('STD00056', 'student56@example.com', 'FirstName56', 'LastName56', 'image_path_56', 'PRO-003'),
    ('STD00057', 'student57@example.com', 'FirstName57', 'LastName57', 'image_path_57', 'PRO-001'),
    ('STD00058', 'student58@example.com', 'FirstName58', 'LastName58', 'image_path_58', 'PRO-002'),
    ('STD00059', 'student59@example.com', 'FirstName59', 'LastName59', 'image_path_59', 'PRO-003'),
    ('STD00060', 'student60@example.com', 'FirstName60', 'LastName60', 'image_path_60', 'PRO-001'),
    ('STD00061', 'student61@example.com', 'FirstName61', 'LastName61', 'image_path_61', 'PRO-002'),
    ('STD00062', 'student62@example.com', 'FirstName62', 'LastName62', 'image_path_62', 'PRO-003'),
    ('STD00063', 'student63@example.com', 'FirstName63', 'LastName63', 'image_path_63', 'PRO-001'),
    ('STD00064', 'student64@example.com', 'FirstName64', 'LastName64', 'image_path_64', 'PRO-002'),
    ('STD00065', 'student65@example.com', 'FirstName65', 'LastName65', 'image_path_65', 'PRO-003'),
    ('STD00066', 'student66@example.com', 'FirstName66', 'LastName66', 'image_path_66', 'PRO-001'),
    ('STD00067', 'student67@example.com', 'FirstName67', 'LastName67', 'image_path_67', 'PRO-002'),
    ('STD00068', 'student68@example.com', 'FirstName68', 'LastName68', 'image_path_68', 'PRO-003'),
    ('STD00069', 'student69@example.com', 'FirstName69', 'LastName69', 'image_path_69', 'PRO-001'),
    ('STD00070', 'student70@example.com', 'FirstName70', 'LastName70', 'image_path_70', 'PRO-002'),
    ('STD00071', 'student71@example.com', 'FirstName71', 'LastName71', 'image_path_71', 'PRO-003'),
    ('STD00072', 'student72@example.com', 'FirstName72', 'LastName72', 'image_path_72', 'PRO-001'),
    ('STD00073', 'student73@example.com', 'FirstName73', 'LastName73', 'image_path_73', 'PRO-002'),
    ('STD00074', 'student74@example.com', 'FirstName74', 'LastName74', 'image_path_74', 'PRO-003'),
    ('STD00075', 'student75@example.com', 'FirstName75', 'LastName75', 'image_path_75', 'PRO-001'),
    ('STD00076', 'student76@example.com', 'FirstName76', 'LastName76', 'image_path_76', 'PRO-002'),
    ('STD00077', 'student77@example.com', 'FirstName77', 'LastName77', 'image_path_77', 'PRO-003'),
    ('STD00078', 'student78@example.com', 'FirstName78', 'LastName78', 'image_path_78', 'PRO-001'),
    ('STD00079', 'student79@example.com', 'FirstName79', 'LastName79', 'image_path_79', 'PRO-002'),
    ('STD00080', 'student80@example.com', 'FirstName80', 'LastName80', 'image_path_80', 'PRO-003'),
    ('STD00081', 'student81@example.com', 'FirstName81', 'LastName81', 'image_path_81', 'PRO-001'),
    ('STD00082', 'student82@example.com', 'FirstName82', 'LastName82', 'image_path_82', 'PRO-002'),
    ('STD00083', 'student83@example.com', 'FirstName83', 'LastName83', 'image_path_83', 'PRO-003'),
    ('STD00084', 'student84@example.com', 'FirstName84', 'LastName84', 'image_path_84', 'PRO-001'),
    ('STD00085', 'student85@example.com', 'FirstName85', 'LastName85', 'image_path_85', 'PRO-002'),
    ('STD00086', 'student86@example.com', 'FirstName86', 'LastName86', 'image_path_86', 'PRO-003'),
    ('STD00087', 'student87@example.com', 'FirstName87', 'LastName87', 'image_path_87', 'PRO-001'),
    ('STD00088', 'student88@example.com', 'FirstName88', 'LastName88', 'image_path_88', 'PRO-002'),
    ('STD00089', 'student89@example.com', 'FirstName89', 'LastName89', 'image_path_89', 'PRO-003'),
    ('STD00090', 'student90@example.com', 'FirstName90', 'LastName90', 'image_path_90', 'PRO-001'),
    ('STD00091', 'student91@example.com', 'FirstName91', 'LastName91', 'image_path_91', 'PRO-002'),
    ('STD00092', 'student92@example.com', 'FirstName92', 'LastName92', 'image_path_92', 'PRO-003'),
    ('STD00093', 'student93@example.com', 'FirstName93', 'LastName93', 'image_path_93', 'PRO-001'),
    ('STD00094', 'student94@example.com', 'FirstName94', 'LastName94', 'image_path_94', 'PRO-002'),
    ('STD00095', 'student95@example.com', 'FirstName95', 'LastName95', 'image_path_95', 'PRO-003'),
    ('STD00096', 'student96@example.com', 'FirstName96', 'LastName96', 'image_path_96', 'PRO-001'),
    ('STD00097', 'student97@example.com', 'FirstName97', 'LastName97', 'image_path_97', 'PRO-002'),
    ('STD00098', 'student98@example.com', 'FirstName98', 'LastName98', 'image_path_98', 'PRO-003'),
    ('STD00099', 'student99@example.com', 'FirstName99', 'LastName99', 'image_path_99', 'PRO-001'),
    ('STD00100', 'student100@example.com', 'FirstName100', 'LastName100', 'image_path_100', 'PRO-002');
    
    INSERT INTO students (student_code, email, first_name, last_name, image, program_code) VALUES
    ('STD00101', 'student101@example.com', 'FirstName101', 'LastName101', 'image_path_101', 'PRO-003'),
    ('STD00102', 'student102@example.com', 'FirstName102', 'LastName102', 'image_path_102', 'PRO-001'),
    ('STD00103', 'student103@example.com', 'FirstName103', 'LastName103', 'image_path_103', 'PRO-002'),
    ('STD00104', 'student104@example.com', 'FirstName104', 'LastName104', 'image_path_104', 'PRO-003'),
    ('STD00105', 'student105@example.com', 'FirstName105', 'LastName105', 'image_path_105', 'PRO-001'),
    ('STD00106', 'student106@example.com', 'FirstName106', 'LastName106', 'image_path_106', 'PRO-002'),
    ('STD00107', 'student107@example.com', 'FirstName107', 'LastName107', 'image_path_107', 'PRO-003'),
    ('STD00108', 'student108@example.com', 'FirstName108', 'LastName108', 'image_path_108', 'PRO-001'),
    ('STD00109', 'student109@example.com', 'FirstName109', 'LastName109', 'image_path_109', 'PRO-002'),
    ('STD00110', 'student110@example.com', 'FirstName110', 'LastName110', 'image_path_110', 'PRO-003'),
    ('STD00111', 'student111@example.com', 'FirstName111', 'LastName111', 'image_path_111', 'PRO-001'),
    ('STD00112', 'student112@example.com', 'FirstName112', 'LastName112', 'image_path_112', 'PRO-002'),
    ('STD00113', 'student113@example.com', 'FirstName113', 'LastName113', 'image_path_113', 'PRO-003'),
    ('STD00114', 'student114@example.com', 'FirstName114', 'LastName114', 'image_path_114', 'PRO-001'),
    ('STD00115', 'student115@example.com', 'FirstName115', 'LastName115', 'image_path_115', 'PRO-002'),
    ('STD00116', 'student116@example.com', 'FirstName116', 'LastName116', 'image_path_116', 'PRO-003'),
    ('STD00117', 'student117@example.com', 'FirstName117', 'LastName117', 'image_path_117', 'PRO-001'),
    ('STD00118', 'student118@example.com', 'FirstName118', 'LastName118', 'image_path_118', 'PRO-002'),
    ('STD00119', 'student119@example.com', 'FirstName119', 'LastName119', 'image_path_119', 'PRO-003'),
    ('STD00120', 'student120@example.com', 'FirstName120', 'LastName120', 'image_path_120', 'PRO-001'),
    ('STD00121', 'student121@example.com', 'FirstName121', 'LastName121', 'image_path_121', 'PRO-002'),
    ('STD00122', 'student122@example.com', 'FirstName122', 'LastName122', 'image_path_122', 'PRO-003'),
    ('STD00123', 'student123@example.com', 'FirstName123', 'LastName123', 'image_path_123', 'PRO-001'),
    ('STD00124', 'student124@example.com', 'FirstName124', 'LastName124', 'image_path_124', 'PRO-002'),
    ('STD00125', 'student125@example.com', 'FirstName125', 'LastName125', 'image_path_125', 'PRO-003'),
    ('STD00126', 'student126@example.com', 'FirstName126', 'LastName126', 'image_path_126', 'PRO-001'),
    ('STD00127', 'student127@example.com', 'FirstName127', 'LastName127', 'image_path_127', 'PRO-002'),
    ('STD00128', 'student128@example.com', 'FirstName128', 'LastName128', 'image_path_128', 'PRO-003'),
    ('STD00129', 'student129@example.com', 'FirstName129', 'LastName129', 'image_path_129', 'PRO-001'),
    ('STD00130', 'student130@example.com', 'FirstName130', 'LastName130', 'image_path_130', 'PRO-002'),
    ('STD00131', 'student131@example.com', 'FirstName131', 'LastName131', 'image_path_131', 'PRO-003'),
    ('STD00132', 'student132@example.com', 'FirstName132', 'LastName132', 'image_path_132', 'PRO-001'),
    ('STD00133', 'student133@example.com', 'FirstName133', 'LastName133', 'image_path_133', 'PRO-002'),
    ('STD00134', 'student134@example.com', 'FirstName134', 'LastName134', 'image_path_134', 'PRO-003'),
    ('STD00135', 'student135@example.com', 'FirstName135', 'LastName135', 'image_path_135', 'PRO-001'),
    ('STD00136', 'student136@example.com', 'FirstName136', 'LastName136', 'image_path_136', 'PRO-002'),
    ('STD00137', 'student137@example.com', 'FirstName137', 'LastName137', 'image_path_137', 'PRO-003'),
    ('STD00138', 'student138@example.com', 'FirstName138', 'LastName138', 'image_path_138', 'PRO-001'),
    ('STD00139', 'student139@example.com', 'FirstName139', 'LastName139', 'image_path_139', 'PRO-002'),
    ('STD00140', 'student140@example.com', 'FirstName140', 'LastName140', 'image_path_140', 'PRO-003'),
    ('STD00141', 'student141@example.com', 'FirstName141', 'LastName141', 'image_path_141', 'PRO-002'),
    ('STD00142', 'student142@example.com', 'FirstName142', 'LastName142', 'image_path_142', 'PRO-003'),
    ('STD00143', 'student143@example.com', 'FirstName143', 'LastName143', 'image_path_143', 'PRO-001'),
    ('STD00144', 'student144@example.com', 'FirstName144', 'LastName144', 'image_path_144', 'PRO-002'),
    ('STD00145', 'student145@example.com', 'FirstName145', 'LastName145', 'image_path_145', 'PRO-003'),
    ('STD00146', 'student146@example.com', 'FirstName146', 'LastName146', 'image_path_146', 'PRO-001'),
    ('STD00147', 'student147@example.com', 'FirstName147', 'LastName147', 'image_path_147', 'PRO-002'),
    ('STD00148', 'student148@example.com', 'FirstName148', 'LastName148', 'image_path_148', 'PRO-003'),
    ('STD00149', 'student149@example.com', 'FirstName149', 'LastName149', 'image_path_149', 'PRO-001'),
    ('STD00150', 'student150@example.com', 'FirstName150', 'LastName150', 'image_path_150', 'PRO-002');

-- student_branches
INSERT INTO student_branches (student_code, program_code, branch_code) VALUES
    ('STD00001', 'PRO-001', 'BR-001'),
    ('STD00002', 'PRO-002', 'BR-002'),
    ('STD00003', 'PRO-003', 'BR-003'),
    ('STD00004', 'PRO-001', 'BR-001'),
    ('STD00005', 'PRO-002', 'BR-002'),
    ('STD00006', 'PRO-003', 'BR-003'),
    ('STD00007', 'PRO-001', 'BR-001'),
    ('STD00008', 'PRO-002', 'BR-002'),
    ('STD00009', 'PRO-003', 'BR-003'),
    ('STD00010', 'PRO-001', 'BR-001'),
    ('STD00011', 'PRO-002', 'BR-002'),
    ('STD00012', 'PRO-003', 'BR-003'),
    ('STD00013', 'PRO-001', 'BR-001'),
    ('STD00014', 'PRO-002', 'BR-002'),
    ('STD00015', 'PRO-003', 'BR-003'),
    ('STD00016', 'PRO-001', 'BR-001'),
    ('STD00017', 'PRO-002', 'BR-002'),
    ('STD00018', 'PRO-003', 'BR-003'),
    ('STD00019', 'PRO-001', 'BR-001'),
    ('STD00020', 'PRO-002', 'BR-002'),
    ('STD00021', 'PRO-003', 'BR-003'),
    ('STD00022', 'PRO-001', 'BR-001'),
    ('STD00023', 'PRO-002', 'BR-002'),
    ('STD00024', 'PRO-003', 'BR-003'),
    ('STD00025', 'PRO-001', 'BR-001'),
    ('STD00026', 'PRO-002', 'BR-002'),
    ('STD00027', 'PRO-003', 'BR-003'),
    ('STD00028', 'PRO-001', 'BR-001'),
    ('STD00029', 'PRO-002', 'BR-002'),
    ('STD00030', 'PRO-003', 'BR-003');

INSERT INTO student_branches (student_code, program_code, branch_code) VALUES
    ('STD00031', 'PRO-001', 'BR-001'),
    ('STD00032', 'PRO-002', 'BR-002'),
    ('STD00033', 'PRO-003', 'BR-003'),
    ('STD00034', 'PRO-001', 'BR-004'),
    ('STD00035', 'PRO-002', 'BR-005'),
    ('STD00036', 'PRO-003', 'BR-001'),
    ('STD00037', 'PRO-001', 'BR-002'),
    ('STD00038', 'PRO-002', 'BR-003'),
    ('STD00039', 'PRO-003', 'BR-004'),
    ('STD00040', 'PRO-001', 'BR-005'),
    ('STD00041', 'PRO-002', 'BR-001'),
    ('STD00042', 'PRO-003', 'BR-002'),
    ('STD00043', 'PRO-001', 'BR-003'),
    ('STD00044', 'PRO-002', 'BR-004'),
    ('STD00045', 'PRO-003', 'BR-005'),
    ('STD00046', 'PRO-001', 'BR-001'),
    ('STD00047', 'PRO-002', 'BR-002'),
    ('STD00048', 'PRO-003', 'BR-003'),
    ('STD00049', 'PRO-001', 'BR-004'),
    ('STD00050', 'PRO-002', 'BR-005'),
    ('STD00051', 'PRO-003', 'BR-001'),
    ('STD00052', 'PRO-001', 'BR-002'),
    ('STD00053', 'PRO-002', 'BR-003'),
    ('STD00054', 'PRO-003', 'BR-004'),
    ('STD00055', 'PRO-001', 'BR-005'),
    ('STD00056', 'PRO-002', 'BR-001'),
    ('STD00057', 'PRO-003', 'BR-002'),
    ('STD00058', 'PRO-001', 'BR-003'),
    ('STD00059', 'PRO-002', 'BR-004'),
    ('STD00060', 'PRO-003', 'BR-005');

INSERT INTO student_branches (student_code, program_code, branch_code) VALUES
    ('STD00061', 'PRO-001', 'BR-001'),
    ('STD00062', 'PRO-002', 'BR-002'),
    ('STD00063', 'PRO-003', 'BR-003'),
    ('STD00064', 'PRO-001', 'BR-004'),
    ('STD00065', 'PRO-002', 'BR-005'),
    ('STD00066', 'PRO-003', 'BR-001'),
    ('STD00067', 'PRO-001', 'BR-002'),
    ('STD00068', 'PRO-002', 'BR-003'),
    ('STD00069', 'PRO-003', 'BR-004'),
    ('STD00070', 'PRO-001', 'BR-005'),
    ('STD00071', 'PRO-002', 'BR-001'),
    ('STD00072', 'PRO-003', 'BR-002'),
    ('STD00073', 'PRO-001', 'BR-003'),
    ('STD00074', 'PRO-002', 'BR-004'),
    ('STD00075', 'PRO-003', 'BR-005'),
    ('STD00076', 'PRO-001', 'BR-001'),
    ('STD00077', 'PRO-002', 'BR-002'),
    ('STD00078', 'PRO-003', 'BR-003'),
    ('STD00079', 'PRO-001', 'BR-004'),
    ('STD00080', 'PRO-002', 'BR-005'),
    ('STD00081', 'PRO-003', 'BR-001'),
    ('STD00082', 'PRO-001', 'BR-002'),
    ('STD00083', 'PRO-002', 'BR-003'),
    ('STD00084', 'PRO-003', 'BR-004'),
    ('STD00085', 'PRO-001', 'BR-005'),
    ('STD00086', 'PRO-002', 'BR-001'),
    ('STD00087', 'PRO-003', 'BR-002'),
    ('STD00088', 'PRO-001', 'BR-003'),
    ('STD00089', 'PRO-002', 'BR-004'),
    ('STD00090', 'PRO-003', 'BR-005'),
    ('STD00091', 'PRO-001', 'BR-001'),
    ('STD00092', 'PRO-002', 'BR-002'),
    ('STD00093', 'PRO-003', 'BR-003'),
    ('STD00094', 'PRO-001', 'BR-004'),
    ('STD00095', 'PRO-002', 'BR-005'),
    ('STD00096', 'PRO-003', 'BR-001'),
    ('STD00097', 'PRO-001', 'BR-002'),
    ('STD00098', 'PRO-002', 'BR-003'),
    ('STD00099', 'PRO-003', 'BR-004'),
    ('STD00100', 'PRO-001', 'BR-005');

INSERT INTO student_branches (student_code, program_code, branch_code) VALUES
    ('STD00101', 'PRO-002', 'BR-003'),
    ('STD00102', 'PRO-003', 'BR-004'),
    ('STD00103', 'PRO-001', 'BR-005'),
    ('STD00104', 'PRO-002', 'BR-001'),
    ('STD00105', 'PRO-003', 'BR-002'),
    ('STD00106', 'PRO-001', 'BR-003'),
    ('STD00107', 'PRO-002', 'BR-004'),
    ('STD00108', 'PRO-003', 'BR-005'),
    ('STD00109', 'PRO-001', 'BR-001'),
    ('STD00110', 'PRO-002', 'BR-002'),
    ('STD00111', 'PRO-003', 'BR-003'),
    ('STD00112', 'PRO-001', 'BR-004'),
    ('STD00113', 'PRO-002', 'BR-005'),
    ('STD00114', 'PRO-003', 'BR-001'),
    ('STD00115', 'PRO-001', 'BR-002'),
    ('STD00116', 'PRO-002', 'BR-003'),
    ('STD00117', 'PRO-003', 'BR-004'),
    ('STD00118', 'PRO-001', 'BR-005'),
    ('STD00119', 'PRO-002', 'BR-001'),
    ('STD00120', 'PRO-003', 'BR-002'),
    ('STD00121', 'PRO-001', 'BR-003'),
    ('STD00122', 'PRO-002', 'BR-004'),
    ('STD00123', 'PRO-003', 'BR-005'),
    ('STD00124', 'PRO-001', 'BR-001'),
    ('STD00125', 'PRO-002', 'BR-002'),
    ('STD00126', 'PRO-003', 'BR-003'),
    ('STD00127', 'PRO-001', 'BR-004'),
    ('STD00128', 'PRO-002', 'BR-005'),
    ('STD00129', 'PRO-003', 'BR-001'),
    ('STD00130', 'PRO-001', 'BR-002'),
    ('STD00131', 'PRO-002', 'BR-003'),
    ('STD00132', 'PRO-003', 'BR-004'),
    ('STD00133', 'PRO-001', 'BR-005'),
    ('STD00134', 'PRO-002', 'BR-001'),
    ('STD00135', 'PRO-003', 'BR-002'),
    ('STD00136', 'PRO-001', 'BR-003'),
    ('STD00137', 'PRO-002', 'BR-004'),
    ('STD00138', 'PRO-003', 'BR-005'),
    ('STD00139', 'PRO-001', 'BR-001'),
    ('STD00140', 'PRO-002', 'BR-002'),
    ('STD00141', 'PRO-003', 'BR-003'),
    ('STD00142', 'PRO-001', 'BR-004'),
    ('STD00143', 'PRO-002', 'BR-005'),
    ('STD00144', 'PRO-003', 'BR-001'),
    ('STD00145', 'PRO-001', 'BR-002'),
    ('STD00146', 'PRO-002', 'BR-003'),
    ('STD00147', 'PRO-003', 'BR-004'),
    ('STD00148', 'PRO-001', 'BR-005'),
    ('STD00149', 'PRO-002', 'BR-001'),
    ('STD00150', 'PRO-003', 'BR-002');


INSERT INTO mandatory_program (program_code, course_code) VALUES
    ('PRO-001', 'C-001'),
    ('PRO-002', 'C-002'),
    ('PRO-003', 'C-003'),
    ('PRO-001', 'C-004'),
    ('PRO-002', 'C-005'),
    ('PRO-003', 'C-006'),
    ('PRO-001', 'C-007'),
    ('PRO-002', 'C-008'),
    ('PRO-003', 'C-009'),
    ('PRO-001', 'C-010');

INSERT INTO mandatory_branch (course_code, program_code, branch_code) VALUES
    ('C-001', 'PRO-001', 'BR-001'),
    ('C-002', 'PRO-002', 'BR-002'),
    ('C-003', 'PRO-003', 'BR-003'),
    ('C-004', 'PRO-001', 'BR-001'),
    ('C-005', 'PRO-002', 'BR-002'),
    ('C-006', 'PRO-003', 'BR-003'),
    ('C-007', 'PRO-001', 'BR-001'),
    ('C-008', 'PRO-002', 'BR-002'),
    ('C-009', 'PRO-003', 'BR-003'),
    ('C-010', 'PRO-001', 'BR-001');


INSERT INTO recommended_branch (course_code, program_code, branch_code) VALUES
    ('C-001', 'PRO-001', 'BR-001'),
    ('C-002', 'PRO-002', 'BR-002'),
    ('C-003', 'PRO-003', 'BR-003'),
    ('C-004', 'PRO-001', 'BR-001'),
    ('C-005', 'PRO-002', 'BR-002'),
    ('C-006', 'PRO-003', 'BR-003'),
    ('C-007', 'PRO-001', 'BR-001'),
    ('C-008', 'PRO-002', 'BR-002'),
    ('C-009', 'PRO-003', 'BR-003'),
    ('C-010', 'PRO-001', 'BR-001');




